%sal,
%sam,
%sbak,
%sberg,
%sbos,
%sbridge,
%sburn,
%scastle,
%schurch,
%sclove,
%scol,
%screek,
%sdol,
%seg,
%seig,
%srel,
%sel,
%selk,
%sen,
%ser,
%spes,
%ses,
%sey,
%sfarm,
%sfel,
%sfen,
%sfern,
%sgel,
%sgild,
%sgol,
%sham,
%sheight,
%shill,
%sin,
%sing,
%skrieg,
%sl,
%slan,
%sleight,
%sley,
%slog,
%slong,
%sman,
%smill,
%swood,
%sn,
%snor,
%snos,
%so,
%sol,
%sos,
%splain,
%srak,
%srav,
%srol,
%skos,
%sros,
%srose,
%sross,
%ss,
%ssal,
%stel,
%ssel,
%sshort,
%stol,
%ssol,
%ssoul,
%sSquare,
%sstead,
%stak,
%sTale,
%stown,
%sval,
%svel,
%svill,
%sville,
%svite,
%svol,
%swall,
%swaters,
%swn,
%swool,
,Abek
,Abel
,Abra
,Acur
,Ade
,Adelite
,Adesmite
,Aerin
,Agen
,Al
,Alle
,Aloe
,Alum
,Amber
,Ana
,Aner
,Annite
,Antho
,Asis
,Bake
,Bell
,Bix
,Black
,Blue
,Bol
,Bornite
,Brass
,Braw
,Bronz
,Bronze
,Carta
,Carvin
,Celes
,Charoi
,Chart
,Coal
,Coast
,Col
,Copper
,Corn
,Corp
,Crown
,Cymrite
,Dan
,Dano
,Date
,Dav
,Diamond
,Djur
,Doyes
,Ebas
,Ephes
,Eve
,Far
,Fel
,Ferro
,Fish
,Fluo
,Gem
,Gold
,Gor
,Grapho
,Green
,Grez
,Hide
,Horn
,Horse
,Imper
,Irox
,Ivory
,Ix
,Jas
,Jen
,Kaynite
,Keilite
,King
,Kings
,Krut
,Lake
,larn
,Langit
,Lapis
,Laur
,Linn
,Log
,Mag
,Maur
,Millo
,Moga
,Mox
,Nado
,Natro
,Nickel
,Okenit
,Olive
,Opal
,Ota
,Oyta
,Pan
,Pearl
,Poly
,Pyr
,Quar
,Queen
,Queens
,Ram
,Ras
,rave
,Raven
,Red
,Reel
,Regal
,Reth
,Rice
,River
,Rock
,Roma
,Rose
,Royal
,Russ
,Sabi
,Sail
,Silk
,Silver
,Stable
,Stil
,Stone
,Tang
,Ter
,Tong
,Tril
,Tripyte
,Ura
,Uva
,Van
,Violar
,Vulca
,War
,Wealth
,Wel
,Wheat
,White
,Wod
,Wol
,Wood
,Zirco
%sport,
%shaven,
%sharbor,
%slink,
%shills,
%smount,
%sburg,
%sfort,
%scamp,
%soutpost,
%swoods,
%sforest,
%sdale,
%spost,
%sgale,
%srocks,
%sfield,
%sfields,
%splace,
%shouse,
%sfell,
%sfall,
%stime,
,lost
%sstream,
,helm
,gear
,sword
,shield
,spear
,hand
,burning
,gallow
,pal
,ral
,myth
,mal
,mil
,mos
,mes
,les
,los
,las
,lir
,aye
,ar
